,Symbols,Source_urls,Oustanding_Shares,Raw_outstanding_share_vals
MMM,MMM,'https://www.sec.gov/ix?doc=/Archives/edgar/data/66740/000006674022000076/mmm-20220930.htm',"552,742,915",552742915
AOS,AOS,'https://www.sec.gov/ix?doc=/Archives/edgar/data/91142/000009114222000101/aos-20220930.htm',"25,905,876",25905876
ABT,ABT,'https://www.sec.gov/ix?doc=/Archives/edgar/data/1800/000162828022027550/abt-20220930.htm',"1,743,573,777",1743573777
ABBV,ABBV,'https://www.sec.gov/ix?doc=/Archives/edgar/data/1551152/000155115222000045/abbv-20220930.htm',"1,768,480,508",1768480508
ACN,ACN,'https://www.sec.gov/ix?doc=/Archives/edgar/data/1467373/000146737322000370/acn-20221130.htm',"658,388,513",658388513
ATVI,ATVI,'https://www.sec.gov/ix?doc=/Archives/edgar/data/718877/000162828022028658/atvi-20220930.htm',"782,625,319",782625319
ADM,ADM,'https://www.sec.gov/ix?doc=/Archives/edgar/data/7084/000000708422000029/adm-20220930.htm',"549,334,227",549334227
ADBE,ADBE,'https://www.sec.gov/ix?doc=/Archives/edgar/data/796343/000079634322000196/adbe-20220902.htm',"464,900,000",464900000
ADP,ADP,'https://www.sec.gov/ix?doc=/Archives/edgar/data/8670/000000867022000046/adp-20220930.htm',"414,827,769",414827769
AAP,AAP,'https://www.sec.gov/ix?doc=/Archives/edgar/data/1158449/000115844922000268/aap-20221008.htm',"59,253,716",59253716
AES,AES,'https://www.sec.gov/ix?doc=/Archives/edgar/data/874761/000087476122000073/aes-20220930.htm',"667,949,778",667949778
AFL,AFL,'https://www.sec.gov/ix?doc=/Archives/edgar/data/4977/000000497722000145/afl-20220930.htm',"621,788,560",621788560
A,A,'https://www.sec.gov/ix?doc=/Archives/edgar/data/1090872/000109087222000026/a-20221031.htm',"296,072,040",296072040
APD,APD,'https://www.sec.gov/ix?doc=/Archives/edgar/data/2969/000000296922000054/apd-20220930.htm',"221,865,971",221865971
AKAM,AKAM,'https://www.sec.gov/ix?doc=/Archives/edgar/data/1086222/000108622222000251/akam-20220930.htm',"157,242,292",157242292
ALK,ALK,'https://www.sec.gov/ix?doc=/Archives/edgar/data/766421/000076642122000071/alk-20220930.htm',"126,837,831",126837831
ALB,ALB,'https://www.sec.gov/ix?doc=/Archives/edgar/data/915913/000091591322000167/alb-20220930.htm',"117,152,794",117152794
ARE,ARE,'https://www.sec.gov/ix?doc=/Archives/edgar/data/1035443/000103544322000308/are-20220930.htm',"164,087,276",164087276
ALGN,ALGN,'https://www.sec.gov/ix?doc=/Archives/edgar/data/1097149/000109714922000067/algn-20220930.htm',"78,112,351",78112351
ALLE,ALLE,'https://www.sec.gov/ix?doc=/Archives/edgar/data/1579241/000157924122000063/alle-20220930.htm',"87,844,822",87844822
LNT,LNT,'https://www.sec.gov/ix?doc=/Archives/edgar/data/352541/000035254122000082/lnt-20220930.htm',"251,021,830",251021830
ALL,ALL,'https://www.sec.gov/ix?doc=/Archives/edgar/data/899051/000089905122000079/all-20220930.htm',"265,209,574",265209574
GOOG,GOOG,'https://www.sec.gov/ix?doc=/Archives/edgar/data/1652044/000165204422000090/goog-20220930.htm',"5,973,000,00",1194600000
MO,MO,'https://www.sec.gov/ix?doc=/Archives/edgar/data/764180/000076418022000102/mo-20220930.htm',"1,792,172,618",1792172618
AMZN,AMZN,'https://www.sec.gov/ix?doc=/Archives/edgar/data/1018724/000101872422000023/amzn-20220930.htm',"10,201,654,176",10201654176
AMCR,AMCR,'https://www.sec.gov/ix?doc=/Archives/edgar/data/1748790/000174879022000034/amcr-20220930.htm',"1,489,019,556",1489019556
AMD,AMD,'https://www.sec.gov/ix?doc=/Archives/edgar/data/2488/000000248822000170/amd-20220924.htm',"1,612,356,162",1612356162
AEE,AEE,'https://www.sec.gov/ix?doc=/Archives/edgar/data/1002910/000100291022000087/aee-20220930.htm',"258,522,169",258522169
AAL,AAL,'https://www.sec.gov/ix?doc=/Archives/edgar/data/6201/000000620122000086/aal-20220930.htm',"649,900,887",649900887
AEP,AEP,'https://www.sec.gov/ix?doc=/Archives/edgar/data/4904/000000490422000093/aep-20220930.htm',"513,863,678",513863678
AXP,AXP,'https://www.sec.gov/ix?doc=/Archives/edgar/data/4962/000000496222000054/axp-20220930.htm',"747,232,696",747232696
AIG,AIG,'https://www.sec.gov/ix?doc=/Archives/edgar/data/5272/000000527222000027/aig-20220930.htm',"742,980,010",742980010
AMT,AMT,'https://www.sec.gov/ix?doc=/Archives/edgar/data/1053507/000105350722000118/amt-20220930.htm',"465,605,603",465605603
AWK,AWK,'https://www.sec.gov/ix?doc=/Archives/edgar/data/1410636/000141063622000155/awk-20220930.htm',"181,827,874",181827874
AMP,AMP,'https://www.sec.gov/ix?doc=/Archives/edgar/data/820027/000082002722000088/amp-20220930.htm',"106,417,199",106417199
ABC,ABC,'https://www.sec.gov/ix?doc=/Archives/edgar/data/1140859/000114085922000098/abc-20220930.htm',"205,668,628",205668628
AME,AME,'https://www.sec.gov/ix?doc=/Archives/edgar/data/1037868/000103786822000054/ame-20220930.htm',"229,654,397",229654397
AMGN,AMGN,'https://www.sec.gov/ix?doc=/Archives/edgar/data/318154/000031815422000055/amgn-20220930.htm',"533,579,206",533579206
APH,APH,'https://www.sec.gov/ix?doc=/Archives/edgar/data/820313/000155837022015585/aph-20220930x10q.htm,"595,094,540",595094540
ADI,ADI,'https://www.sec.gov/ix?doc=/Archives/edgar/data/6281/000000628122000250/adi-20221029.htm',"509,295,941",509295941
ANSS,ANSS,'https://www.sec.gov/ix?doc=/Archives/edgar/data/1013462/000101346222000031/anss-20220930.htm',"87,112,235",87112235
AON,AON,'https://www.sec.gov/ix?doc=/Archives/edgar/data/315293/000162828022027307/aon-20220930.htm',"206,852,936",206852936
APA,APA,'https://www.sec.gov/ix?doc=/Archives/edgar/data/1841666/000178403122000028/apa-20220930.htm',"321,511,801",321511801
AAPL,AAPL,'https://www.sec.gov/ix?doc=/Archives/edgar/data/320193/000032019322000108/aapl-20220924.htm',"15,908,118,000",15908118000
AMAT,AMAT,'https://www.sec.gov/ix?doc=/Archives/edgar/data/6951/000000695122000043/amat-20221030.htm',"844,139,722",844139722
APTV,APTV,'https://www.sec.gov/ix?doc=/Archives/edgar/data/1521332/000152133222000056/aptv-20220930.htm',"270,949,579",270949579
ACGL,ACGL,'https://www.sec.gov/ix?doc=/Archives/edgar/data/947484/000094748422000077/acgl-20220930.htm',"369,873,027",369873027
ANET,ANET,'https://www.sec.gov/ix?doc=/Archives/edgar/data/1596532/000159653222000294/anet-20220930.htm',"305,572,616",305572616
AJG,AJG,'https://www.sec.gov/ix?doc=/Archives/edgar/data/354190/000095017022021298/ajg-20220930.htm',"210,840,000",210840000
AIZ,AIZ,'https://www.sec.gov/ix?doc=/Archives/edgar/data/1267238/000126723822000040/aiz-20220930.htm',"52,831,429",52831429
T,T,'https://www.sec.gov/ix?doc=/Archives/edgar/data/732717/000073271722000102/t-20220930.htm',"7,127,000,000",7127000000
ATO,ATO,'https://www.sec.gov/ix?doc=/Archives/edgar/data/731802/000073180222000037/ato-20220930.htm',"140,900,576",140900576
ADSK,ADSK,'https://www.sec.gov/ix?doc=/Archives/edgar/data/769397/000076939722000148/adsk-20221031.htm',"215,767,494",215767494
AZO,AZO,'https://www.sec.gov/ix?doc=/Archives/edgar/data/866787/000155837022018835/azo-20221119x10q.htm,"18,765,671",18765671
AVB,AVB,'https://www.sec.gov/ix?doc=/Archives/edgar/data/915912/000091591222000020/avb-20220930.htm',"139,897,351",139897351
AVY,AVY,'https://www.sec.gov/ix?doc=/Archives/edgar/data/8818/000000881822000014/avy-20221001.htm',"80,969,014",80969014
BKR,BKR,'https://www.sec.gov/ix?doc=/Archives/edgar/data/1701605/000170160522000151/bkr-20220930.htm',"1,001,467,54",100146754
BLL,BLL,'https://www.sec.gov/ix?doc=/Archives/edgar/data/9389/000155837022016282/bll-20220930x10q.htm',"313,920,150",313920150
BAC,BAC,'https://www.sec.gov/ix?doc=/Archives/edgar/data/70858/000007085822000131/bac-20220930.htm',"8,022,432,239",8022432239
BBWI,BBWI,'https://www.sec.gov/ix?doc=/Archives/edgar/data/701985/000070198522000040/bbwi-20221029.htm',"228,414,615",228414615
BAX,BAX,'https://www.sec.gov/ix?doc=/Archives/edgar/data/10456/000162828022027149/bax-20220930.htm',"504,120,759",504120759
BDX,BDX,'https://www.sec.gov/ix?doc=/Archives/edgar/data/10795/000162828022030686/bdx-20220930.htm',"283,375,793",283375793
WRB,WRB,'https://www.sec.gov/ix?doc=/Archives/edgar/data/11544/000001154422000032/wrb-20220930.htm',"265,476,121",265476121
BRKA,BRKA,'https://www.sec.gov/ix?doc=/Archives/edgar/data/1067983/000095017022022287/brka-20220930.htm',"596,826",596826
BBY,BBY,'https://www.sec.gov/ix?doc=/Archives/edgar/data/764478/000076447822000044/bby-20221029x10q.htm,"221,264,454",221264454
BIO,BIO,'https://www.sec.gov/ix?doc=/Archives/edgar/data/12208/000001220822000071/bio-20220930.htm',"24,749,308",24749308
TMB,TMB,'https://www.sec.gov/ix?doc=/Archives/edgar/data/842023/000155837022016640/tmb-20220930x10q.htm,"39,242,384",39242384
BIIB,BIIB,'https://www.sec.gov/ix?doc=/Archives/edgar/data/875045/000087504522000031/biib-20220930.htm',"144,001,404",144001404
BLK,BLK,'https://www.sec.gov/ix?doc=/Archives/edgar/data/1364742/000095017022022155/blk-20220930.htm',"150,195,577",150195577
BK,BK,'https://www.sec.gov/ix?doc=/Archives/edgar/data/1390777/000139077722000101/bk-20220930.htm',"808,279,949",808279949
BA,BA,'https://www.sec.gov/ix?doc=/Archives/edgar/data/12927/000001292722000073/ba-20220930.htm',"595,983,192",595983192
BKNG,BKNG,'https://www.sec.gov/ix?doc=/Archives/edgar/data/1075531/000107553122000043/bkng-20220930.htm',"38,789,388",38789388
BWA,BWA,'https://www.sec.gov/ix?doc=/Archives/edgar/data/908255/000090825522000041/bwa-20220930.htm',"234,153,930",234153930
BXP,BXP,'https://www.sec.gov/ix?doc=/Archives/edgar/data/1037540/000165642322000043/bxp-20220930.htm',"156,754,712",156754712
BSX,BSX,'https://www.sec.gov/ix?doc=/Archives/edgar/data/885725/000088572522000028/bsx-20220930.htm',"1,432,311,282",1432311282
BMY,BMY,'https://www.sec.gov/ix?doc=/Archives/edgar/data/14272/000001427222000196/bmy-20220930.htm',"2,126,160,347",2126160347
AVGO,AVGO,'https://www.sec.gov/ix?doc=/Archives/edgar/data/1730168/000173016822000118/avgo-20221030.htm',"417,886,140",417886140
BR,BR,'https://www.sec.gov/ix?doc=/Archives/edgar/data/1383312/000138331222000052/br-20220930.htm',"117,655,323",117655323
BRO,BRO,'https://www.sec.gov/ix?doc=/Archives/edgar/data/79282/000095017022021976/bro-20220930.htm',"283,222,367",283222367
BFB,BFB,'https://www.sec.gov/ix?doc=/Archives/edgar/data/14693/000001469322000151/bfb-20221031.htm',"169,198,217",169198217
CHRW,CHRW,'https://www.sec.gov/ix?doc=/Archives/edgar/data/1043277/000104327722000045/chrw-20220930.htm',"117,709,468",117709468
CDNS,CDNS,'https://www.sec.gov/ix?doc=/Archives/edgar/data/813672/000081367222000054/cdns-20221001.htm',"274,316,000",274316000
CZR,CZR,'https://www.sec.gov/ix?doc=/Archives/edgar/data/1590895/000159089522000148/czr-20220930.htm',"214,566,105",214566105
CPT,CPT,'https://www.sec.gov/ix?doc=/Archives/edgar/data/906345/000090634522000042/cpt-20220930.htm',"106,528,035",106528035
CPB,CPB,'https://www.sec.gov/ix?doc=/Archives/edgar/data/16732/000001673222000156/cpb-20221030.htm',"299,467,564",299467564
COF,COF,'https://www.sec.gov/ix?doc=/Archives/edgar/data/927628/000092762822000306/cof-20220930.htm',"381,698,572",381698572
CAH,CAH,'https://www.sec.gov/ix?doc=/Archives/edgar/data/721371/000072137122000133/cah-20220930.htm',"262,134,053",262134053
KMX,KMX,'https://www.sec.gov/ix?doc=/Archives/edgar/data/1170010/000117001023000006/kmx-20221130.htm',"158,023,499",158023499
CCL,CCL,'https://www.sec.gov/ix?doc=/Archives/edgar/data/815097/000081509722000073/ccl-20220831.htm',"1,112,706,805",1112706805
CARR,CARR,'https://www.sec.gov/ix?doc=/Archives/edgar/data/1783180/000178318022000056/carr-20220930.htm',"836,261,515",836261515
CTLT,CTLT,'https://www.sec.gov/ix?doc=/Archives/edgar/data/1596783/000159678322000185/ctlt-20220930.htm',"179,963,589",179963589
CAT,CAT,'https://www.sec.gov/ix?doc=/Archives/edgar/data/18230/000001823022000223/cat-20220930.htm',"520,409,355",520409355
CBOE,CBOE,'https://www.sec.gov/ix?doc=/Archives/edgar/data/1374310/000155837022016342/cboe-20220930x10q.h,"106,082,175",106082175
CBRE,CBRE,'https://www.sec.gov/ix?doc=/Archives/edgar/data/1138118/000113811822000033/cbre-20220930.htm',"315,948,538",315948538
CDW,CDW,'https://www.sec.gov/ix?doc=/Archives/edgar/data/1402057/000140205722000159/cdw-20220930.htm',"135,390,982",135390982
CE,CE,'https://www.sec.gov/ix?doc=/Archives/edgar/data/1306830/000130683022000184/ce-20220930.htm',"108,428,071",108428071
CNC,CNC,'https://www.sec.gov/ix?doc=/Archives/edgar/data/1071739/000107173922000361/cnc-20220930.htm',"566,259,693",566259693
CNP,CNP,'https://www.sec.gov/ix?doc=/Archives/edgar/data/1130310/000113031022000123/cnp-20220930.htm',"629,535,631",629535631
CDAY,CDAY,'https://www.sec.gov/ix?doc=/Archives/edgar/data/1725057/000095017022021260/cday-20220930.htm',"153,594,867",153594867
CF,CF,'https://www.sec.gov/ix?doc=/Archives/edgar/data/1324404/000132440422000028/cf-20220930.htm',"196,189,463",196189463
CRL,CRL,'https://www.sec.gov/ix?doc=/Archives/edgar/data/1100682/000110068222000032/crl-20220924.htm',"50,878,656",50878656
SCHW,SCHW,'https://www.sec.gov/ix?doc=/Archives/edgar/data/316709/000031670922000045/schw-20220930.htm',"1,815,845,67",181584567
CHTR,CHTR,'https://www.sec.gov/ix?doc=/Archives/edgar/data/1091667/000109166722000115/chtr-20220930.htm',"155,672,281",155672281
CVX,CVX,'https://www.sec.gov/ix?doc=/Archives/edgar/data/93410/000009341022000075/cvx-20220930.htm',"1,933,638,546",1933638546
CMG,CMG,'https://www.sec.gov/ix?doc=/Archives/edgar/data/1058090/000105809022000043/cmg-20220930x10q.ht,"27,721,112",27721112
CB,CB,'https://www.sec.gov/ix?doc=/Archives/edgar/data/896159/000089615922000014/cb-20220930.htm',"415,050,274",415050274
CHD,CHD,'https://www.sec.gov/ix?doc=/Archives/edgar/data/313927/000095017022020408/chd-20220930.htm',"243,868,347",243868347
CI,CI,'https://www.sec.gov/ix?doc=/Archives/edgar/data/1739940/000173994022000025/ci-20220930.htm',"305,739,004",305739004
CINF,CINF,'https://www.sec.gov/ix?doc=/Archives/edgar/data/20286/000002028622000066/cinf-20220930.htm',"157,184,308",157184308
CTAS,CTAS,'https://www.sec.gov/ix?doc=/Archives/edgar/data/723254/000072325423000003/ctas-20221130.htm',"101,620,479",101620479
CSCO,CSCO,'https://www.sec.gov/ix?doc=/Archives/edgar/data/858877/000085887722000025/csco-20221029.htm',"4,108,103,063",4108103063
C,C,'https://www.sec.gov/ix?doc=/Archives/edgar/data/831001/000083100122000146/c-20220930.htm',"1,936,852,864",1936852864
CFG,CFG,'https://www.sec.gov/ix?doc=/Archives/edgar/data/759944/000075994422000142/cfg-20220930.htm',"492,490,966",492490966
CLX,CLX,'https://www.sec.gov/ix?doc=/Archives/edgar/data/21076/000002107622000035/clx-20220930.htm',"123,384,797",123384797
CME,CME,'https://www.sec.gov/ix?doc=/Archives/edgar/data/1156375/000115637522000312/cme-20220930.htm',625,625
CMS,CMS,'https://www.sec.gov/ix?doc=/Archives/edgar/data/811156/000081115622000119/cms-20220930.htm',"290,251,602",290251602
KO,KO,'https://www.sec.gov/ix?doc=/Archives/edgar/data/21344/000002134422000042/ko-20220930.htm',"4,324,513,264",4324513264
CTSH,CTSH,'https://www.sec.gov/ix?doc=/Archives/edgar/data/1058290/000105829022000321/ctsh-20220930.htm',"513,921,432",513921432
CL,CL,'https://www.sec.gov/ix?doc=/Archives/edgar/data/21665/000002166522000027/cl-20220930.htm',"835,214,210",835214210
CMCSA,CMCSA,'https://www.sec.gov/ix?doc=/Archives/edgar/data/1166691/000116669122000039/cmcsa-20220930.htm',"4,313,964,31",431396431
CMA,CMA,'https://www.sec.gov/ix?doc=/Archives/edgar/data/28412/000002841222000163/cma-20220930.htm',"130,952,419",130952419
CAG,CAG,'https://www.sec.gov/ix?doc=/Archives/edgar/data/23217/000143774923000496/cag20221011b_10q.htm',"476,622,501",476622501
COP,COP,'https://www.sec.gov/ix?doc=/Archives/edgar/data/1163165/000116316522000017/cop-20220930.htm',"1,246,071,066",1246071066
ED,ED,'https://www.sec.gov/ix?doc=/Archives/edgar/data/1047862/000104786222000248/ed-20220930.htm',"354,862,848",354862848
STZ,STZ,'https://www.sec.gov/ix?doc=/Archives/edgar/data/16918/000001691823000006/stz-20221130.htm',"184,498,219",184498219
CEG,CEG,'https://www.sec.gov/ix?doc=/Archives/edgar/data/1868275/000186827522000094/ceg-20220930.htm',"327,017,895",327017895
COO,COO,'https://www.sec.gov/ix?doc=/Archives/edgar/data/711404/000071140422000053/coo-20221031.htm',"49,354,384",49354384
CPRT,CPRT,'https://www.sec.gov/ix?doc=/Archives/edgar/data/900075/000090007522000065/cprt-20221031.htm',"476,300,011",476300011
GLW,GLW,'https://www.sec.gov/ix?doc=/Archives/edgar/data/24741/000143774922024920/glw20220930_10q.htm',"845,811,376",845811376
CTVA,CTVA,'https://www.sec.gov/ix?doc=/Archives/edgar/data/1755672/000175567222000026/ctva-20220930.htm',"714,492,000",714492000
CSGP,CSGP,'https://www.sec.gov/ix?doc=/Archives/edgar/data/1057352/000105735222000121/csgp-20220930.htm',"406,690,060",406690060
COST,COST,'https://www.sec.gov/ix?doc=/Archives/edgar/data/909832/000090983222000035/cost-20221120.htm',"443,729,036",443729036
COG,COG,'https://www.sec.gov/ix?doc=/Archives/edgar/data/858470/000085847022000042/cog-20220930.htm',"788,467,351",788467351
CCI,CCI,'https://www.sec.gov/ix?doc=/Archives/edgar/data/1051470/000105147022000173/cci-20220930.htm',"433,048,001",433048001
CSX,CSX,'https://www.sec.gov/ix?doc=/Archives/edgar/data/277948/000027794822000045/csx-20220930.htm',"2,102,408,729",2102408729
CMI,CMI,'https://www.sec.gov/ix?doc=/Archives/edgar/data/26172/000002617222000057/cmi-20220930.htm',"141,022,462",141022462
CVS,CVS,'https://www.sec.gov/ix?doc=/Archives/edgar/data/64803/000006480322000038/cvs-20220930.htm',"1,313,966,912",1313966912
DHI,DHI,'https://www.sec.gov/ix?doc=/Archives/edgar/data/882184/000088218422000184/dhi-20220930.htm',"344,341,227",344341227
DHR,DHR,'https://www.sec.gov/ix?doc=/Archives/edgar/data/313616/000031361622000223/dhr-20220930.htm',"727,962,702",727962702
DRI,DRI,'https://www.sec.gov/ix?doc=/Archives/edgar/data/940944/000094094423000004/dri-20221127.htm',"121,705,296",121705296
DVA,DVA,'https://www.sec.gov/ix?doc=/Archives/edgar/data/927066/000092706622000167/dva-20220930.htm',"90,100,000",90100000
DE,DE,'https://www.sec.gov/ix?doc=/Archives/edgar/data/315189/000155837022018703/de-20221030x10k.htm',"298,237,257",298237257
DAL,DAL,'https://www.sec.gov/ix?doc=/Archives/edgar/data/27904/000002790422000013/dal-20220930.htm',"641,188,362",641188362
XRAY,XRAY,'https://www.sec.gov/ix?doc=/Archives/edgar/data/818479/000081847922000119/xray-20220930.htm',"214,911,886",214911886
DVN,DVN,'https://www.sec.gov/ix?doc=/Archives/edgar/data/1090012/000095017022021074/dvn-20220930.htm',"653,700,000",653700000
DXCM,DXCM,'https://www.sec.gov/ix?doc=/Archives/edgar/data/1093557/000109355722000171/dxcm-20220930.htm',"386,258,125",386258125
FANG,FANG,'https://www.sec.gov/ix?doc=/Archives/edgar/data/1539838/000153983822000167/fang-20220930.htm',"175,998,577",175998577
DLR,DLR,'https://www.sec.gov/ix?doc=/Archives/edgar/data/1297996/000155837022016456/dlr-20220930x10q.ht,"287,522,275",287522275
DFS,DFS,'https://www.sec.gov/ix?doc=/Archives/edgar/data/1393612/000162828022027220/dfs-20220930.htm',"273,225,765",273225765
DISH,DISH,'https://www.sec.gov/ix?doc=/Archives/edgar/data/1001082/000155837022015893/dish-20220930x10q.h,"292,270,989",292270989
DIS,DIS,'https://www.sec.gov/ix?doc=/Archives/edgar/data/1744489/000174448922000213/dis-20221001.htm',"1,823,591,988",1823591988
DG,DG,'https://www.sec.gov/ix?doc=/Archives/edgar/data/29534/000155837022018302/dg-20221028x10q.htm',"223,574,799",223574799
DLTR,DLTR,'https://www.sec.gov/ix?doc=/Archives/edgar/data/935703/000093570322000073/dltr-20221029.htm',"221,184,479",221184479
D,D,'https://www.sec.gov/ix?doc=/Archives/edgar/data/715957/000156459022036712/d-10q_20220930.htm',"833,275,205",833275205
DPZ,DPZ,'https://www.sec.gov/ix?doc=/Archives/edgar/data/1286681/000095017022019533/dpz-20220911.htm',"35,399,379",35399379
DOV,DOV,'https://www.sec.gov/ix?doc=/Archives/edgar/data/29905/000002990522000040/dov-20220930.htm',"140,353,950",140353950
DOW,DOW,'https://www.sec.gov/ix?doc=/Archives/edgar/data/1751788/000175178822000131/dow-20220930.htm',"703,759,269",703759269
DTE,DTE,'https://www.sec.gov/ix?doc=/Archives/edgar/data/936340/000093634022000205/dte-20220930.htm',"193,741,991",193741991
DUK,DUK,'https://www.sec.gov/ix?doc=/Archives/edgar/data/1326160/000132616022000279/duk-20220930.htm',"770,062,772",770062772
DD,DD,'https://www.sec.gov/ix?doc=/Archives/edgar/data/1666700/000166670022000077/dd-20220930.htm',"496,788,948",496788948
DXC,DXC,'https://www.sec.gov/ix?doc=/Archives/edgar/data/1688568/000168856822000073/dxc-20220930.htm',"230,065,223",230065223
EMN,EMN,'https://www.sec.gov/ix?doc=/Archives/edgar/data/915389/000091538922000051/emn-20220930.htm',"119,990,364",119990364
ETN,ETN,'https://www.sec.gov/ix?doc=/Archives/edgar/data/1551182/000155118222000024/etn-20220930.htm',"397,700,000",397700000
EBAY,EBAY,'https://www.sec.gov/ix?doc=/Archives/edgar/data/1065088/000106508822000030/ebay-20220930.htm',"542,659,087",542659087
ECL,ECL,'https://www.sec.gov/ix?doc=/Archives/edgar/data/31462/000155837022016340/ecl-20220930x10q.htm',"284,828,060",284828060
EIX,EIX,'https://www.sec.gov/ix?doc=/Archives/edgar/data/827052/000082705222000076/eix-20220930x10q.htm,"381,874,674",381874674
EW,EW,'https://www.sec.gov/ix?doc=/Archives/edgar/data/1099800/000109980022000025/ew-20220930.htm',"618,260,499",618260499
EA,EA,'https://www.sec.gov/ix?doc=/Archives/edgar/data/712515/000071251522000068/ea-20220930.htm',"276,080,234",276080234
ELV,ELV,'https://www.sec.gov/ix?doc=/Archives/edgar/data/1156039/000115603922000084/elv-20220930.htm',"238,827,582",238827582
LLY,LLY,'https://www.sec.gov/ix?doc=/Archives/edgar/data/59478/000005947822000250/lly-20220930.htm',"950,177,900",950177900
EMR,EMR,'https://www.sec.gov/ix?doc=/Archives/edgar/data/32604/000003260422000041/emr-20220930.htm',"591,400,000",591400000
ENPH,ENPH,'https://www.sec.gov/ix?doc=/Archives/edgar/data/1463101/000146310122000112/enph-20220930.htm',"135,923,572",135923572
ETR,ETR,'https://www.sec.gov/ix?doc=/Archives/edgar/data/65984/000006598422000185/etr-20220930.htm',"203,483,660",203483660
EOG,EOG,'https://www.sec.gov/ix?doc=/Archives/edgar/data/821189/000082118922000056/eog-20220930.htm',"587,389,496",587389496
EPAM,EPAM,'https://www.sec.gov/ix?doc=/Archives/edgar/data/1352010/000135201022000057/epam-20220930.htm',"57,513,488",57513488
EQT,EQT,'https://www.sec.gov/ix?doc=/Archives/edgar/data/33213/000003321322000028/eqt-20220930.htm',"367,046,005",367046005
EFX,EFX,'https://www.sec.gov/ix?doc=/Archives/edgar/data/33185/000003318522000058/efx-20220930.htm',"122,443,429",122443429
EQIX,EQIX,'https://www.sec.gov/ix?doc=/Archives/edgar/data/1101239/000162828022028466/eqix-20220930.htm',"92,538,115",92538115
EQR,EQR,'https://www.sec.gov/ix?doc=/Archives/edgar/data/906107/000095017022020464/eqr-20220930.htm',"377,918,920",377918920
ESS,ESS,'https://www.sec.gov/ix?doc=/Archives/edgar/data/920522/000092052222000062/ess-20220930.htm',"64,753,812",64753812
EL,EL,'https://www.sec.gov/ix?doc=/Archives/edgar/data/1001250/000100125022000182/el-20220930.htm',"231,270,298",231270298
ETSY,ETSY,'https://www.sec.gov/ix?doc=/Archives/edgar/data/1370637/000137063722000081/etsy-20220930.htm',"125,688,316",125688316
RE,RE,'https://www.sec.gov/ix?doc=/Archives/edgar/data/1095073/000109507322000026/re-20220930.htm',"39,165,034",39165034
EVRG,EVRG,'https://www.sec.gov/ix?doc=/Archives/edgar/data/1711269/000171126922000049/evrg-20220930.htm',"229,536,385",229536385
ES,ES,'https://www.sec.gov/ix?doc=/Archives/edgar/data/72741/000007274122000030/es-20220930.htm',"348,307,416",348307416
EXC,EXC,'https://www.sec.gov/ix?doc=/Archives/edgar/data/1109357/000110935722000113/exc-20220930.htm',"993,742,030",993742030
EXPE,EXPE,'https://www.sec.gov/ix?doc=/Archives/edgar/data/1324424/000132442422000065/expe-20220930.htm',"150,567,424",150567424
EXPD,EXPD,'https://www.sec.gov/ix?doc=/Archives/edgar/data/746515/000156459022037052/expd-10q_20220930.ht,"159,136,384",159136384
EXR,EXR,'https://www.sec.gov/ix?doc=/Archives/edgar/data/1289490/000162828022028483/exr-20220930.htm',"133,921,528",133921528
XOM,XOM,'https://www.sec.gov/ix?doc=/Archives/edgar/data/34088/000003408822000064/xom-20220930.htm',"4,118,293,421",4118293421
FFIV,FFIV,'https://www.sec.gov/ix?doc=/Archives/edgar/data/1048695/000104869522000033/ffiv-20220930.htm',"60,368,610",60368610
FDS,FDS,'https://www.sec.gov/ix?doc=/Archives/edgar/data/1013237/000101323723000006/fds-20221130.htm',"38,251,828",38251828
FAST,FAST,'https://www.sec.gov/ix?doc=/Archives/edgar/data/815556/000081555622000041/fast-20220930.htm',"572,759,880",572759880
FRT,FRT,'https://www.sec.gov/ix?doc=/Archives/edgar/data/34903/000003490322000068/frt-20220930.htm',"81,209,479",81209479
FDX,FDX,'https://www.sec.gov/ix?doc=/Archives/edgar/data/1048911/000095017022026825/fdx-20221130.htm',"252,397,140",252397140
FITB,FITB,'https://www.sec.gov/ix?doc=/Archives/edgar/data/35527/000003552722000242/fitb-20220930.htm',"686,396,166",686396166
FSLR,FSLR,'https://www.sec.gov/ix?doc=/Archives/edgar/data/1274494/000127449422000040/fslr-20220930.htm',"106,605,610",106605610
FE,FE,'https://www.sec.gov/ix?doc=/Archives/edgar/data/1031296/000103129622000069/fe-20220930.htm',"571,753,195",571753195
FIS,FIS,'https://www.sec.gov/ix?doc=/Archives/edgar/data/1136893/000113689322000180/fis-20220930.htm',"593,379,456",593379456
FISV,FISV,'https://www.sec.gov/ix?doc=/Archives/edgar/data/798354/000079835422000019/fisv-20220930.htm',"635,028,076",635028076
FLT,FLT,'https://www.sec.gov/ix?doc=/Archives/edgar/data/1175454/000162828022028729/flt-20220930.htm',"73,752,362",73752362
FMC,FMC,'https://www.sec.gov/ix?doc=/Archives/edgar/data/37785/000003778522000090/fmc-20220930.htm',"125,965,923",125965923
F,F,'https://www.sec.gov/ix?doc=/Archives/edgar/data/37996/000003799622000073/f-20220930.htm',"3,949,642,02",394964202
FTNT,FTNT,'https://www.sec.gov/ix?doc=/Archives/edgar/data/1262039/000126203922000038/ftnt-20220930.htm',"781,236,011",781236011
FTV,FTV,'https://www.sec.gov/ix?doc=/Archives/edgar/data/1659166/000165916622000190/ftv-20220930.htm',"353,808,253",353808253
FOX,FOX,'https://www.sec.gov/ix?doc=/Archives/edgar/data/1754301/000162828022027482/fox-20220930.htm',"302,474,619",604949238
BEN,BEN,'https://www.sec.gov/ix?doc=/Archives/edgar/data/38777/000003877722000198/ben-20220930.htm',"499,558,579",499558579
FCX,FCX,'https://www.sec.gov/ix?doc=/Archives/edgar/data/831259/000083125922000049/fcx-20220930.htm',"1,429,327,191",1429327191
GRMN,GRMN,'https://www.sec.gov/ix?doc=/Archives/edgar/data/1121788/000095017022020097/grmn-20220924.htm',"191,663,933",191663933
IT,IT,'https://www.sec.gov/ix?doc=/Archives/edgar/data/749251/000074925122000035/it-20220930.htm',"79,024,380",79024380
GEN,GEN,'https://www.sec.gov/ix?doc=/Archives/edgar/data/849399/000084939922000026/gen-20220930.htm',"651,359,881",651359881
GNRC,GNRC,'https://www.sec.gov/ix?doc=/Archives/edgar/data/1474735/000143774922026207/gnrc20220930_10q.ht,"63,356,402",63356402
GD,GD,'https://www.sec.gov/ix?doc=/Archives/edgar/data/40533/000004053322000048/gd-20221002.htm',"274,548,961",274548961
GE,GE,'https://www.sec.gov/ix?doc=/Archives/edgar/data/40545/000004054522000060/ge-20220930.htm',"1,092,668,140",1092668140
D39,D39,'https://www.sec.gov/ix?doc=/Archives/edgar/data/40704/000119312522309146/d392633d10q.htm',"589,610,717",589610717
GM,GM,'https://www.sec.gov/ix?doc=/Archives/edgar/data/1467858/000146785822000114/gm-20220930.htm',"1,420,696,787",1420696787
GPC,GPC,'https://www.sec.gov/ix?doc=/Archives/edgar/data/40987/000004098722000040/gpc-20220930.htm',"141,161,349",141161349
GILD,GILD,'https://www.sec.gov/ix?doc=/Archives/edgar/data/882095/000088209522000027/gild-20220930.htm',"1,254,243,845",1254243845
GL,GL,'https://www.sec.gov/ix?doc=/Archives/edgar/data/320335/000032033522000034/gl-20220930.htm',"97,270,229",97270229
GPN,GPN,'https://www.sec.gov/ix?doc=/Archives/edgar/data/1123360/000112336022000030/gpn-20220930.htm',"270,401,146",270401146
GS,GS,'https://www.sec.gov/ix?doc=/Archives/edgar/data/886982/000088698222000002/gs-20220930.htm',"338,634,588",338634588
HAL,HAL,'https://www.sec.gov/ix?doc=/Archives/edgar/data/45012/000004501222000067/hal-20220930.htm',"908,046,777",908046777
HIG,HIG,'https://www.sec.gov/ix?doc=/Archives/edgar/data/874766/000087476622000102/hig-20220930.htm',"318,098,929",318098929
HAS,HAS,'https://www.sec.gov/ix?doc=/Archives/edgar/data/46080/000004608022000123/has-20220925.htm',"138,113,722",138113722
HCA,HCA,'https://www.sec.gov/ix?doc=/Archives/edgar/data/860730/000095017022020865/hca-20220930.htm',"282,716,700",282716700
PEAK,PEAK,'https://www.sec.gov/ix?doc=/Archives/edgar/data/765880/000162828022027830/peak-20220930.htm',"537,540,144",537540144
HSIC,HSIC,'https://www.sec.gov/ix?doc=/Archives/edgar/data/1000228/000100022822000068/hsic-20220924.htm',"135,547,575",135547575
HSY,HSY,'https://www.sec.gov/ix?doc=/Archives/edgar/data/47111/000004711122000051/hsy-20221002.htm',"146,968,799",146968799
HES,HES,'https://www.sec.gov/ix?doc=/Archives/edgar/data/4447/000162828022028196/hes-20220930.htm',"308,308,466",308308466
HPE,HPE,'https://www.sec.gov/ix?doc=/Archives/edgar/data/1645590/000164559022000071/hpe-20221031.htm',"1,281,816,851",1281816851
HLT,HLT,'https://www.sec.gov/ix?doc=/Archives/edgar/data/1585689/000158568922000164/hlt-20220930.htm',"270,456,017",270456017
HOLX,HOLX,'https://www.sec.gov/ix?doc=/Archives/edgar/data/859737/000085973722000022/holx-20220924.htm',"245,833,759",245833759
HD,HD,'https://www.sec.gov/ix?doc=/Archives/edgar/data/354950/000035495022000239/hd-20221030.htm',"1,019,186,022",1019186022
HON,HON,'https://www.sec.gov/ix?doc=/Archives/edgar/data/773840/000077384022000071/hon-20220930.htm',"672,322,232",672322232
HRL,HRL,'https://www.sec.gov/ix?doc=/Archives/edgar/data/48465/000004846522000051/hrl-20221030.htm',"546,424,194",546424194
HST,HST,'https://www.sec.gov/ix?doc=/Archives/edgar/data/1070750/000095017022022127/hst-20220930.htm',"715,027,761",715027761
HWM,HWM,'https://www.sec.gov/ix?doc=/Archives/edgar/data/4281/000000428122000020/hwm-20220930.htm',"413,712,037",413712037
HPQ,HPQ,'https://www.sec.gov/ix?doc=/Archives/edgar/data/47217/000004721722000068/hpq-20221031.htm',"982,145,796",982145796
HUM,HUM,'https://www.sec.gov/ix?doc=/Archives/edgar/data/49071/000004907122000071/hum-20220930.htm',"126,600,318",126600318
HBAN,HBAN,'https://www.sec.gov/ix?doc=/Archives/edgar/data/49196/000004919622000113/hban-20220930.htm',"1,442,734,255",1442734255
HII,HII,'https://www.sec.gov/ix?doc=/Archives/edgar/data/1501585/000150158522000034/hii-20220930.htm',"39,903,536",39903536
IBM,IBM,'https://www.sec.gov/ix?doc=/Archives/edgar/data/51143/000155837022015322/ibm-20220930x10q.htm',"904,126,363",904126363
IEX,IEX,'https://www.sec.gov/ix?doc=/Archives/edgar/data/832101/000083210122000056/iex-20220930.htm',"75,421,109",75421109
IDXX,IDXX,'https://www.sec.gov/ix?doc=/Archives/edgar/data/874716/000087471622000038/idxx-20220930.htm',"82,816,957",82816957
ITW,ITW,'https://www.sec.gov/ix?doc=/Archives/edgar/data/49826/000004982622000060/itw-20220930.htm',"307,186,379",307186379
ILMN,ILMN,'https://www.sec.gov/ix?doc=/Archives/edgar/data/1110803/000111080322000047/ilmn-20221002.htm',"157,300,000",157300000
INCY,INCY,'https://www.sec.gov/ix?doc=/Archives/edgar/data/879169/000087916922000010/incy-20220930.htm',"222,475,468",222475468
IRI,IRI,'https://www.sec.gov/ix?doc=/Archives/edgar/data/1699150/000162828022028451/iri-20220930.htm',"404,925,743",404925743
INTC,INTC,'https://www.sec.gov/ix?doc=/Archives/edgar/data/50863/000005086322000038/intc-20221001.htm',"4,127,000,000",4127000000
ICE,ICE,'https://www.sec.gov/ix?doc=/Archives/edgar/data/1571949/000157194922000016/ice-20220930.htm',"558,551,625",558551625
IP,IP,'https://www.sec.gov/ix?doc=/Archives/edgar/data/51434/000005143422000052/ip-20220930.htm',"355,670,009",355670009
IPG,IPG,'https://www.sec.gov/ix?doc=/Archives/edgar/data/51644/000005164422000050/ipg-20220930.htm',"388,524,718",388524718
IFF,IFF,'https://www.sec.gov/ix?doc=/Archives/edgar/data/51253/000005125322000030/iff-20220930.htm',"254,962,253",254962253
INTU,INTU,'https://www.sec.gov/ix?doc=/Archives/edgar/data/896878/000089687822000036/intu-20221031.htm',"280,925,350",280925350
ISRG,ISRG,'https://www.sec.gov/ix?doc=/Archives/edgar/data/1035267/000103526722000169/isrg-20220930.htm',"353,384,570",353384570
IVZ,IVZ,'https://www.sec.gov/ix?doc=/Archives/edgar/data/914208/000091420822000500/ivz-20220930.htm',"454,784,608",454784608
INVH,INVH,'https://www.sec.gov/ix?doc=/Archives/edgar/data/1687229/000168722922000035/invh-20220930.htm',"611,409,909",611409909
IQV,IQV,'https://www.sec.gov/ix?doc=/Archives/edgar/data/1478242/000147824222000101/iqv-20220930.htm',"185,740,023",185740023
IRM,IRM,'https://www.sec.gov/ix?doc=/Archives/edgar/data/1020569/000102056922000210/irm-20220930.htm',"290,714,037",290714037
JBHT,JBHT,'https://www.sec.gov/ix?doc=/Archives/edgar/data/728535/000143774922025965/jbht20220930_10q.htm,"103,537,423",103537423
JKHY,JKHY,'https://www.sec.gov/ix?doc=/Archives/edgar/data/779152/000077915222000103/jkhy-20220930.htm',"72,949,433",72949433
JEC,JEC,'https://www.sec.gov/ix?doc=/Archives/edgar/data/52988/000005298822000111/jec-20220930.htm',"126,332,274",126332274
JNJ,JNJ,'https://www.sec.gov/ix?doc=/Archives/edgar/data/200406/000020040622000086/jnj-20221002.htm',"2,614,483,607",2614483607
JCI,JCI,'https://www.sec.gov/ix?doc=/Archives/edgar/data/833444/000083344422000043/jci-20220930.htm',"686,703,889",686703889
JPM,JPM,'https://www.sec.gov/ix?doc=/Archives/edgar/data/19617/000001961722000492/jpm-20220930.htm',"2,933,204,888",2933204888
JNPR,JNPR,'https://www.sec.gov/ix?doc=/Archives/edgar/data/1043604/000104360422000163/jnpr-20220930.htm',"324,555,523",324555523
K,K,'https://www.sec.gov/ix?doc=/Archives/edgar/data/55067/000162828022028218/k-20221001.htm',"341,281,145",341281145
KDP,KDP,'https://www.sec.gov/ix?doc=/Archives/edgar/data/1418135/000141813522000023/kdp-20220930.htm',"1,416,251,307",1416251307
KEY,KEY,'https://www.sec.gov/ix?doc=/Archives/edgar/data/91576/000009157622000119/key-20220930.htm',"932,969,593",932969593
KEYS,KEYS,'https://www.sec.gov/ix?doc=/Archives/edgar/data/1601046/000160104622000161/keys-20221031.htm',"178,795,460",178795460
KMB,KMB,'https://www.sec.gov/ix?doc=/Archives/edgar/data/55785/000005578522000074/kmb-20220930.htm',"337,492,094",337492094
KIM,KIM,'https://www.sec.gov/ix?doc=/Archives/edgar/data/879101/000143774922025020/kim20220930_10q.htm',"618,460,829",618460829
KMI,KMI,'https://www.sec.gov/ix?doc=/Archives/edgar/data/1506307/000150630722000111/kmi-20220930.htm',"2,247,742,071",2247742071
KLAC,KLAC,'https://www.sec.gov/ix?doc=/Archives/edgar/data/319201/000162828022027311/klac-20220930.htm',"141,718,327",141718327
KHC,KHC,'https://www.sec.gov/ix?doc=/Archives/edgar/data/1637459/000163745922000191/khc-20220924.htm',"1,224,930,164",1224930164
KR,KR,'https://www.sec.gov/ix?doc=/Archives/edgar/data/56873/000155837022018508/kr-20221105x10q.htm',"715,821,875",715821875
HRS,HRS,'https://www.sec.gov/ix?doc=/Archives/edgar/data/202058/000020205822000063/hrs-20220930.htm',"190,402,795",190402795
LH,LH,'https://www.sec.gov/ix?doc=/Archives/edgar/data/920148/000092014822000060/lh-20220930.htm',"88,600,000",88600000
LRCX,LRCX,'https://www.sec.gov/ix?doc=/Archives/edgar/data/707549/000070754922000124/lrcx-20220925.htm',"136,379,336",136379336
LW,LW,'https://www.sec.gov/ix?doc=/Archives/edgar/data/1679273/000155837023000048/lw-20221127x10q.htm,"143,870,590",143870590
LVS,LVS,'https://www.sec.gov/ix?doc=/Archives/edgar/data/1300514/000130051422000119/lvs-20220930.htm',"764,166,260",764166260
LDOS,LDOS,'https://www.sec.gov/ix?doc=/Archives/edgar/data/1336920/000133692022000060/ldos-20220930.htm',"136,689,557",136689557
LEN,LEN,'https://www.sec.gov/ix?doc=/Archives/edgar/data/920760/000162828022025896/len-20220831.htm',"254,767,434",254767434
LNC,LNC,'https://www.sec.gov/ix?doc=/Archives/edgar/data/59558/000005955822000043/lnc-20220930x10q.htm',"169,215,464",169215464
LIN,LIN,'https://www.sec.gov/ix?doc=/Archives/edgar/data/1707925/000162828022027183/lin-20220930.htm',"494,379,532",494379532
LYV,LYV,'https://www.sec.gov/ix?doc=/Archives/edgar/data/1335258/000133525822000144/lyv-20220930.htm',"230,879,879",230879879
LKQ,LKQ,'https://www.sec.gov/ix?doc=/Archives/edgar/data/1065696/000106569622000077/lkq-20220930.htm',"267,174,985",267174985
LMT,LMT,'https://www.sec.gov/ix?doc=/Archives/edgar/data/936468/000093646822000120/lmt-20220925.htm',"262,073,963",262073963
L,L,'https://www.sec.gov/ix?doc=/Archives/edgar/data/60086/000006008622000109/l-20220930.htm',"237,427,052",237427052
LOW,LOW,'https://www.sec.gov/ix?doc=/Archives/edgar/data/60667/000006066722000170/low-20221028.htm',"604,702,575",604702575
LUMN,LUMN,'https://www.sec.gov/ix?doc=/Archives/edgar/data/18926/000001892622000042/lumn-20220930.htm',"1,034,582,843",1034582843
LYB,LYB,'https://www.sec.gov/ix?doc=/Archives/edgar/data/1489393/000148939322000046/lyb-20220930.htm',"325,624,433",325624433
MTB,MTB,'https://www.sec.gov/ix?doc=/Archives/edgar/data/36270/000095017022022465/mtb-20220930.htm',"172,613,343",172613343
MRO,MRO,'https://www.sec.gov/ix?doc=/Archives/edgar/data/101778/000010177822000192/mro-20220930.htm',"635,067,840",635067840
MPC,MPC,'https://www.sec.gov/ix?doc=/Archives/edgar/data/1510295/000151029522000077/mpc-20220930.htm',"468,660,833",468660833
MKTX,MKTX,'https://www.sec.gov/ix?doc=/Archives/edgar/data/1278021/000095017022020175/mktx-20220930.htm',"37,636,823",37636823
MAR,MAR,'https://www.sec.gov/ix?doc=/Archives/edgar/data/1048286/000162828022028021/mar-20220930.htm',"316,539,613",316539613
MMC,MMC,'https://www.sec.gov/ix?doc=/Archives/edgar/data/62709/000006270922000081/mmc-20220930.htm',"496,009,506",496009506
MLM,MLM,'https://www.sec.gov/ix?doc=/Archives/edgar/data/916076/000095017022021173/mlm-20220930.htm',"62,090,694",62090694
MAS,MAS,'https://www.sec.gov/ix?doc=/Archives/edgar/data/62996/000006299622000041/mas-20220930.htm',"225,529,123",225529123
MA,MA,'https://www.sec.gov/ix?doc=/Archives/edgar/data/1141391/000114139122000163/ma-20220930.htm',"953,803,041",953803041
MTCH,MTCH,'https://www.sec.gov/ix?doc=/Archives/edgar/data/891103/000089110322000095/mtch-20220930.htm',"279,306,106",279306106
MKC,MKC,'https://www.sec.gov/ix?doc=/Archives/edgar/data/63754/000006375422000044/mkc-20220831.htm',"17,606,187",17606187
MCD,MCD,'https://www.sec.gov/ix?doc=/Archives/edgar/data/63908/000006390822000055/mcd-20220930.htm',"732,423,892",732423892
MCK,MCK,'https://www.sec.gov/ix?doc=/Archives/edgar/data/927653/000092765322000097/mck-20220930.htm',"141,793,480",141793480
MDT,MDT,'https://www.sec.gov/ix?doc=/Archives/edgar/data/1613103/000161310322000063/mdt-20221028.htm',"1,330,179,978",1330179978
MRK,MRK,'https://www.sec.gov/ix?doc=/Archives/edgar/data/310158/000031015822000034/mrk-20220930.htm',"2,535,395,974",2535395974
META,META,'https://www.sec.gov/ix?doc=/Archives/edgar/data/1326801/000132680122000108/meta-20220930.htm',"2,248,672,20",224867220
MET,MET,'https://www.sec.gov/ix?doc=/Archives/edgar/data/1099219/000109921922000174/met-20220930.htm',"784,606,205",784606205
MTD,MTD,'https://www.sec.gov/ix?doc=/Archives/edgar/data/1037646/000103764622000031/mtd-20220930.htm',"22,294,189",22294189
MGM,MGM,'https://www.sec.gov/ix?doc=/Archives/edgar/data/789570/000078957022000038/mgm-20220930.htm',"384,020,296",384020296
MCHP,MCHP,'https://www.sec.gov/ix?doc=/Archives/edgar/data/827054/000082705422000193/mchp-20220930.htm',"550,008,710",550008710
MU,MU,'https://www.sec.gov/ix?doc=/Archives/edgar/data/723125/000072312522000072/mu-20221201.htm',"1,091,176,552",1091176552
MSFT,MSFT,'https://www.sec.gov/ix?doc=/Archives/edgar/data/789019/000156459022035087/msft-10q_20220930.ht,"7,454,473,144",7454473144
MAA,MAA,'https://www.sec.gov/ix?doc=/Archives/edgar/data/912595/000095017022020325/maa-20220930.htm',"115,477,018",115477018
MRNA,MRNA,'https://www.sec.gov/ix?doc=/Archives/edgar/data/1682852/000168285222000051/mrna-20220930.htm',"384,180,469",384180469
MHK,MHK,'https://www.sec.gov/ix?doc=/Archives/edgar/data/851968/000085196822000091/mhk-20221001.htm',"63,534,032",63534032
MOH,MOH,'https://www.sec.gov/ix?doc=/Archives/edgar/data/1179929/000117992922000172/moh-20220930.htm',"58,400,000",58400000
TAP,TAP,'https://www.sec.gov/ix?doc=/Archives/edgar/data/24545/000002454522000018/tap-20220930.htm',"2,562,506",2562506
MDLZ,MDLZ,'https://www.sec.gov/ix?doc=/Archives/edgar/data/1103982/000110398222000018/mdlz-20220930.htm',"1,365,618,508",1365618508
MPWR,MPWR,'https://www.sec.gov/ix?doc=/Archives/edgar/data/1280452/000143774922026581/mpwr20220930_10q.ht,"46,942,000",46942000
MNST,MNST,'https://www.sec.gov/ix?doc=/Archives/edgar/data/865752/000110465922114849/mnst-20220930x10q.ht,"521,743,612",521743612
MCO,MCO,'https://www.sec.gov/ix?doc=/Archives/edgar/data/1059556/000105955622000063/mco-20220930.htm',"183,200,000",183200000
MS,MS,'https://www.sec.gov/ix?doc=/Archives/edgar/data/895421/000089542122000587/ms-20220930.htm',"1,690,109,419",1690109419
MOS,MOS,'https://www.sec.gov/ix?doc=/Archives/edgar/data/1285785/000161803422000012/mos-20220930.htm',"340,481,034",340481034
MSI,MSI,'https://www.sec.gov/ix?doc=/Archives/edgar/data/68505/000006850522000031/msi-20221001.htm',"167,203,209",167203209
MSCI,MSCI,'https://www.sec.gov/ix?doc=/Archives/edgar/data/1408198/000140819822000012/msci-20220930.htm',"79,958,166",79958166
NDAQ,NDAQ,'https://www.sec.gov/ix?doc=/Archives/edgar/data/1120193/000112019322000020/ndaq-20220930.htm',"491,279,526",491279526
NTAP,NTAP,'https://www.sec.gov/ix?doc=/Archives/edgar/data/1002047/000095017022025960/ntap-20221028.htm',"215,573,357",215573357
NFLX,NFLX,'https://www.sec.gov/ix?doc=/Archives/edgar/data/1065280/000106528022000368/nflx-20220930.htm',"445,020,494",445020494
NWL,NWL,'https://www.sec.gov/ix?doc=/Archives/edgar/data/814453/000081445322000129/nwl-20220930.htm',"413,600,000",413600000
NEM,NEM,'https://www.sec.gov/ix?doc=/Archives/edgar/data/1164727/000116472722000035/nem-20220930.htm',"793,738,731",793738731
NWS,NWS,'https://www.sec.gov/ix?doc=/Archives/edgar/data/1564708/000156470822000398/nws-20220930.htm',"382,351,488",764702976
NEE,NEE,'https://www.sec.gov/ix?doc=/Archives/edgar/data/753308/000075330822000081/nee-20220930.htm',"1,987,163,652",1987163652
NKE,NKE,'https://www.sec.gov/ix?doc=/Archives/edgar/data/320187/000032018723000003/nke-20221130.htm',"304,897,252",304897252
NIX,NIX,'https://www.sec.gov/ix?doc=/Archives/edgar/data/1111711/000111171122000041/nix-20220930.htm',"406,134,342",406134342
NDSN,NDSN,'https://www.sec.gov/ix?doc=/Archives/edgar/data/72331/000007233122000185/ndsn-20221031.htm',"57,156,824",57156824
NSC,NSC,'https://www.sec.gov/ix?doc=/Archives/edgar/data/702165/000070216522000039/nsc-20220930.htm',"231,514,213",231514213
NTRS,NTRS,'https://www.sec.gov/ix?doc=/Archives/edgar/data/73124/000007312422000208/ntrs-20220930.htm',"208,415,673",208415673
NOC,NOC,'https://www.sec.gov/ix?doc=/Archives/edgar/data/1133421/000113342122000042/noc-20220930.htm',"153,912,156",153912156
NCLH,NCLH,'https://www.sec.gov/ix?doc=/Archives/edgar/data/1513761/000155837022016836/nclh-20220930x10q.h,"421,396,100",421396100
NRG,NRG,'https://www.sec.gov/ix?doc=/Archives/edgar/data/1013871/000101387122000027/nrg-20220930.htm',"230,384,205",230384205
NUE,NUE,'https://www.sec.gov/ix?doc=/Archives/edgar/data/73309/000156459022037206/nue-10q_20221001.htm',"256,543,710",256543710
NVDA,NVDA,'https://www.sec.gov/ix?doc=/Archives/edgar/data/1045810/000104581022000166/nvda-20221030.htm',"2,460,000,000",2460000000
NVR,NVR,'https://www.sec.gov/ix?doc=/Archives/edgar/data/906163/000090616322000104/nvr-20220930.htm',"3,195,887",3195887
NXPI,NXPI,'https://www.sec.gov/ix?doc=/Archives/edgar/data/1413447/000141344722000067/nxpi-20221002.htm',"259,134,862",259134862
ORLY,ORLY,'https://www.sec.gov/ix?doc=/Archives/edgar/data/898173/000089817322000049/orly-20220930x10q.ht,"62,575,911",62575911
OXY,OXY,'https://www.sec.gov/ix?doc=/Archives/edgar/data/797468/000079746822000036/oxy-20220930.htm',"908,914,149",908914149
ODFL,ODFL,'https://www.sec.gov/ix?doc=/Archives/edgar/data/878927/000095017022021737/odfl-20220930.htm',"110,481,622",110481622
OMC,OMC,'https://www.sec.gov/ix?doc=/Archives/edgar/data/29989/000002998922000035/omc-20220930.htm',"203,916,128",203916128
ON,ON,'https://www.sec.gov/ix?doc=/Archives/edgar/data/1097864/000162828022027363/on-20220930.htm',"432,423,573",432423573
OKE,OKE,'https://www.sec.gov/ix?doc=/Archives/edgar/data/1039684/000103968422000076/oke-20220930.htm',"446,953,842",446953842
ORCL,ORCL,'https://www.sec.gov/ix?doc=/Archives/edgar/data/1341439/000156459022039278/orcl-10q_20221130.h,"2,696,253,000",2696253000
OGN,OGN,'https://www.sec.gov/ix?doc=/Archives/edgar/data/1821825/000182182522000012/ogn-20220930.htm',"254,364,409",254364409
OTIS,OTIS,'https://www.sec.gov/ix?doc=/Archives/edgar/data/1781335/000178133522000045/otis-20220930.htm',"416,586,077",416586077
PCAR,PCAR,'https://www.sec.gov/ix?doc=/Archives/edgar/data/75362/000156459022035704/pcar-10q_20220930.htm,"347,767,575",347767575
PKG,PKG,'https://www.sec.gov/ix?doc=/Archives/edgar/data/75677/000095017022021648/pkg-20220930.htm',"92,534,480",92534480
PARA,PARA,'https://www.sec.gov/ix?doc=/Archives/edgar/data/813828/000081382822000039/para-20220930.htm',"40,704,664",40704664
PH,PH,'https://www.sec.gov/ix?doc=/Archives/edgar/data/76334/000007633422000049/ph-20220930.htm',"128,405,731",128405731
PAYX,PAYX,'https://www.sec.gov/ix?doc=/Archives/edgar/data/723531/000095017022026948/payx-20221130.htm',"360,466,548",360466548
PAYC,PAYC,'https://www.sec.gov/ix?doc=/Archives/edgar/data/1590955/000095017022021851/payc-20220930.htm',"60,020,369",60020369
PYPL,PYPL,'https://www.sec.gov/ix?doc=/Archives/edgar/data/1633917/000163391722000167/pypl-20220930.htm',"1,140,027,732",1140027732
PNR,PNR,'https://www.sec.gov/ix?doc=/Archives/edgar/data/77360/000007736022000041/pnr-20220930.htm',"164,498,354",164498354
PEP,PEP,'https://www.sec.gov/ix?doc=/Archives/edgar/data/77476/000007747622000052/pep-20220903.htm',"1,377,709,209",1377709209
PKI,PKI,'https://www.sec.gov/ix?doc=/Archives/edgar/data/31791/000003179122000012/pki-20221002.htm',"126,315,920",126315920
PFE,PFE,'https://www.sec.gov/ix?doc=/Archives/edgar/data/78003/000007800322000101/pfe-20221002.htm',"5,613,314,537",5613314537
PCG,PCG,'https://www.sec.gov/ix?doc=/Archives/edgar/data/1004980/000100498022000133/pcg-20220930.htm',"2,465,443,675",2465443675
PM,PM,'https://www.sec.gov/ix?doc=/Archives/edgar/data/1413329/000141332922000114/pm-20220930.htm',"1,550,202,305",1550202305
PSX,PSX,'https://www.sec.gov/ix?doc=/Archives/edgar/data/1534701/000153470122000185/psx-20220930.htm',"472,632,213",472632213
PNW,PNW,'https://www.sec.gov/ix?doc=/Archives/edgar/data/764622/000076462222000093/pnw-20220930.htm',"113,140,203",113140203
PXD,PXD,'https://www.sec.gov/ix?doc=/Archives/edgar/data/1038357/000103835722000136/pxd-20220930.htm',"237,598,733",237598733
PNC,PNC,'https://www.sec.gov/ix?doc=/Archives/edgar/data/713676/000071367622000092/pnc-20220930.htm',"403,319,033",403319033
POOL,POOL,'https://www.sec.gov/ix?doc=/Archives/edgar/data/945841/000094584122000122/pool-20220930.htm',"39,050,618",39050618
PPG,PPG,'https://www.sec.gov/ix?doc=/Archives/edgar/data/79879/000007987922000078/ppg-20220930.htm',"235,027,394",235027394
PPL,PPL,'https://www.sec.gov/ix?doc=/Archives/edgar/data/922224/000092222422000049/ppl-20220930.htm',"736,318,284",736318284
PFG,PFG,'https://www.sec.gov/ix?doc=/Archives/edgar/data/1126328/000110465922113860/pfg-20220930x10q.ht,"244,682,790",244682790
PG,PG,'https://www.sec.gov/ix?doc=/Archives/edgar/data/80424/000008042422000102/pg-20220930.htm',"2,369,696,862",2369696862
PGR,PGR,'https://www.sec.gov/ix?doc=/Archives/edgar/data/80661/000008066122000080/pgr-20220930.htm',"585,069,712",585069712
PLD,PLD,'https://www.sec.gov/ix?doc=/Archives/edgar/data/1045609/000156459022035526/pld-10q_20220930.ht,"923,076,000",923076000
PRU,PRU,'https://www.sec.gov/ix?doc=/Archives/edgar/data/1137774/000113777422000110/pru-20220930.htm',"368,000,000",368000000
PSEG,PSEG,'https://www.sec.gov/ix?doc=/Archives/edgar/data/788784/000162828022027422/pseg-20220930.htm',"498,949,744",498949744
PTC,PTC,'https://www.sec.gov/ix?doc=/Archives/edgar/data/857005/000095017022025211/ptc-20220930.htm',"117,471,969",117471969
PSA,PSA,'https://www.sec.gov/ix?doc=/Archives/edgar/data/1393311/000139331122000036/psa-20220930.htm',"175,638,388",175638388
PHM,PHM,'https://www.sec.gov/ix?doc=/Archives/edgar/data/822416/000082241622000050/phm-20220930.htm',"227,819,724",227819724
RFMD,RFMD,'https://www.sec.gov/ix?doc=/Archives/edgar/data/1604778/000160477822000064/rfmd-20221001.htm',"101,389,473",101389473
PWR,PWR,'https://www.sec.gov/ix?doc=/Archives/edgar/data/1050915/000105091522000122/pwr-20220930.htm',"142,901,156",142901156
QCOM,QCOM,'https://www.sec.gov/ix?doc=/Archives/edgar/data/804328/000080432822000021/qcom-20220925.htm',"1,121,000,000",1121000000
DGX,DGX,'https://www.sec.gov/ix?doc=/Archives/edgar/data/1022079/000102207922000140/dgx-20220930.htm',"113,887,466",113887466
RL,RL,'https://www.sec.gov/ix?doc=/Archives/edgar/data/1037038/000103703822000031/rl-20221001.htm',"41,091,215",41091215
RJF,RJF,'https://www.sec.gov/ix?doc=/Archives/edgar/data/720005/000072000522000066/rjf-20220930.htm',"215,063,590",215063590
RTX,RTX,'https://www.sec.gov/ix?doc=/Archives/edgar/data/101829/000010182922000056/rtx-20220930.htm',"1,470,060,775",1470060775
O,O,'https://www.sec.gov/ix?doc=/Archives/edgar/data/726728/000072672822000121/o-20220930.htm',"627,153,861",627153861
REG,REG,'https://www.sec.gov/ix?doc=/Archives/edgar/data/910606/000095017022022118/reg-20220930.htm',"171,122,720",171122720
REGN,REGN,'https://www.sec.gov/ix?doc=/Archives/edgar/data/872589/000180422022000031/regn-20220930.htm',"1,818,146",1818146
RF,RF,'https://www.sec.gov/ix?doc=/Archives/edgar/data/1281761/000128176122000060/rf-20220930.htm',"934,445,606",934445606
RSG,RSG,'https://www.sec.gov/ix?doc=/Archives/edgar/data/1060391/000106039122000027/rsg-20220930.htm',"316,000,936",316000936
RHI,RHI,'https://www.sec.gov/ix?doc=/Archives/edgar/data/315213/000031521322000090/rhi-20220930.htm',"108,498,536",108498536
ROK,ROK,'https://www.sec.gov/ix?doc=/Archives/edgar/data/1024478/000102447822000093/rok-20220930.htm',"114,844,152",114844152
ROL,ROL,'https://www.sec.gov/ix?doc=/Archives/edgar/data/84839/000008483922000059/rol-20220930x10q.htm',"492,472,436",492472436
ROP,ROP,'https://www.sec.gov/ix?doc=/Archives/edgar/data/882835/000088283522000072/rop-20220930.htm',"106,052,054",106052054
ROST,ROST,'https://www.sec.gov/ix?doc=/Archives/edgar/data/745732/000074573222000064/rost-20221029.htm',"344,371,009",344371009
RCL,RCL,'https://www.sec.gov/ix?doc=/Archives/edgar/data/884887/000088488722000038/rcl-20220930.htm',"255,182,015",255182015
SPGI,SPGI,'https://www.sec.gov/ix?doc=/Archives/edgar/data/64040/000006404022000171/spgi-20220930.htm',"325,800,000",325800000
CRM,CRM,'https://www.sec.gov/ix?doc=/Archives/edgar/data/1108524/000110852422000060/crm-20221031.htm',"1,000,000,000",1000000000
SBAC,SBAC,'https://www.sec.gov/ix?doc=/Archives/edgar/data/1034054/000103405422000008/sbac-20220930x10q.h,"107,965,538",107965538
SLB,SLB,'https://www.sec.gov/ix?doc=/Archives/edgar/data/87347/000156459022035199/slb-10q_20220930.htm',"1,417,993,775",1417993775
STX,STX,'https://www.sec.gov/ix?doc=/Archives/edgar/data/1137789/000113778922000123/stx-20220930.htm',"206,454,363",206454363
SEE,SEE,'https://www.sec.gov/ix?doc=/Archives/edgar/data/1012100/000162828022027548/see-20220930.htm',"144,657,522",144657522
SRE,SRE,'https://www.sec.gov/ix?doc=/Archives/edgar/data/1032208/000103220822000052/sre-20220930.htm',"314,333,363",314333363
NOW,NOW,'https://www.sec.gov/ix?doc=/Archives/edgar/data/1373715/000137371522000330/now-20220930.htm',"202,000,000",202000000
SHW,SHW,'https://www.sec.gov/ix?doc=/Archives/edgar/data/89800/000008980022000037/shw-20220930.htm',"259,143,416",259143416
SPG,SPG,'https://www.sec.gov/ix?doc=/Archives/edgar/data/1063761/000155837022016109/spg-20220930x10q.ht,"326,945,791",326945791
SWKS,SWKS,'https://www.sec.gov/ix?doc=/Archives/edgar/data/4127/000000412722000038/swks-20220930.htm',"160,161,064",160161064
SJM,SJM,'https://www.sec.gov/ix?doc=/Archives/edgar/data/91419/000009141922000140/sjm-20221031.htm',"106,639,011",106639011
SNA,SNA,'https://www.sec.gov/ix?doc=/Archives/edgar/data/91440/000009144022000031/sna-20221001.htm',"53,154,639",53154639
ZK,ZK,'https://www.sec.gov/ix?doc=/Archives/edgar/data/1419612/000117891322003868/zk2228664.htm',"55,894,875",55894875
SO,SO,'https://www.sec.gov/ix?doc=/Archives/edgar/data/92122/000009212222000064/so-20220930.htm',"1,088,672,828",1088672828
LUV,LUV,'https://www.sec.gov/ix?doc=/Archives/edgar/data/92380/000009238022000060/luv-20220930.htm',"593,752,004",593752004
SWK,SWK,'https://www.sec.gov/ix?doc=/Archives/edgar/data/93556/000009355622000044/swk-20221001.htm',"147,941,786",147941786
SBUX,SBUX,'https://www.sec.gov/ix?doc=/Archives/edgar/data/829224/000082922422000058/sbux-20221002.htm',"1,147,800,000",1147800000
STT,STT,'https://www.sec.gov/ix?doc=/Archives/edgar/data/93751/000009375122000617/stt-20220930.htm',"366,940,147",366940147
STLD,STLD,'https://www.sec.gov/ix?doc=/Archives/edgar/data/1022671/000155837022015423/stld-20220930x10q.h,"175,571,409",175571409
STE,STE,'https://www.sec.gov/ix?doc=/Archives/edgar/data/1757898/000175789822000021/ste-20220930.htm',"99,822,953",99822953
SYK,SYK,'https://www.sec.gov/ix?doc=/Archives/edgar/data/310764/000031076422000105/syk-20220930.htm',"378,429,929",378429929
SIVB,SIVB,'https://www.sec.gov/ix?doc=/Archives/edgar/data/719739/000071973922000081/sivb-20220930.htm',"59,104,124",59104124
SYF,SYF,'https://www.sec.gov/ix?doc=/Archives/edgar/data/1601712/000160171222000249/syf-20220930.htm',"450,541,428",450541428
SNPS,SNPS,'https://www.sec.gov/ix?doc=/Archives/edgar/data/883241/000088324122000017/snps-20221031.htm',"152,417,194",152417194
SYY,SYY,'https://www.sec.gov/ix?doc=/Archives/edgar/data/96021/000009602122000211/syy-20221001.htm',"506,767,526",506767526
TMUS,TMUS,'https://www.sec.gov/ix?doc=/Archives/edgar/data/1283699/000128369922000141/tmus-20220930.htm',"1,244,154,134",1244154134
TROW,TROW,'https://www.sec.gov/ix?doc=/Archives/edgar/data/1113169/000111316922000025/trow-20220930.htm',"223,464,812",223464812
TTWO,TTWO,'https://www.sec.gov/ix?doc=/Archives/edgar/data/946581/000162828022028716/ttwo-20220930.htm',"167,819,126",167819126
TPR,TPR,'https://www.sec.gov/ix?doc=/Archives/edgar/data/1116132/000111613222000026/tpr-20221001.htm',"240,961,301",240961301
TRGP,TRGP,'https://www.sec.gov/ix?doc=/Archives/edgar/data/1389170/000095017022021813/trgp-20220930.htm',"226,375,387",226375387
TGT,TGT,'https://www.sec.gov/ix?doc=/Archives/edgar/data/27419/000002741922000037/tgt-20221029.htm',"460,310,088",460310088
TEL,TEL,'https://www.sec.gov/ix?doc=/Archives/edgar/data/1385157/000155837022017931/tel-20220930x10k.ht,"317,230,563",317230563
TDY,TDY,'https://www.sec.gov/ix?doc=/Archives/edgar/data/1094285/000109428522000121/tdy-20221002.htm',"46,871,093",46871093
TFX,TFX,'https://www.sec.gov/ix?doc=/Archives/edgar/data/96943/000009694322000106/tfx-20220925.htm',"46,906,435",46906435
D386683D10Q.HTM',D386683D10Q.HTM','https://www.sec.gov/ix?doc=/Archives/edgar/data/97210/000119312522277821/d386683d10q.htm',"155,756,146",155756146
TSLA,TSLA,'https://www.sec.gov/ix?doc=/Archives/edgar/data/1318605/000095017022019867/tsla-20220930.htm',"3,157,752,449",3157752449
TXN,TXN,'https://www.sec.gov/ix?doc=/Archives/edgar/data/97476/000009747622000048/txn-20220930.htm',"907,571,712",907571712
TXT,TXT,'https://www.sec.gov/ix?doc=/Archives/edgar/data/217346/000021734622000025/txt-20221001.htm',"208,771,472",208771472
TMO,TMO,'https://www.sec.gov/ix?doc=/Archives/edgar/data/97745/000009774522000057/tmo-20221001.htm',"392,195,557",392195557
TJX,TJX,'https://www.sec.gov/ix?doc=/Archives/edgar/data/109198/000010919822000044/tjx-20221029.htm',"1,155,504,149",1155504149
TSCO,TSCO,'https://www.sec.gov/ix?doc=/Archives/edgar/data/916365/000091636522000112/tsco-20220924.htm',"110,463,245",110463245
TT,TT,'https://www.sec.gov/ix?doc=/Archives/edgar/data/1466258/000146625822000186/tt-20220930.htm',"230,307,296",230307296
TDG,TDG,'https://www.sec.gov/ix?doc=/Archives/edgar/data/1260221/000126022122000065/tdg-20220930.htm',"54,374,596",54374596
TRV,TRV,'https://www.sec.gov/ix?doc=/Archives/edgar/data/86312/000008631222000065/trv-20220930.htm',"234,347,525",234347525
TRMB,TRMB,'https://www.sec.gov/ix?doc=/Archives/edgar/data/864749/000086474922000187/trmb-20220930.htm',"246,624,691",246624691
TFC,TFC,'https://www.sec.gov/ix?doc=/Archives/edgar/data/92230/000009223022000110/tfc-20220930.htm',"1,326,766,288",1326766288
TYL,TYL,'https://www.sec.gov/ix?doc=/Archives/edgar/data/860731/000086073122000043/tyl-20220930.htm',"41,639,898",41639898
TSN,TSN,'https://www.sec.gov/ix?doc=/Archives/edgar/data/100493/000010049322000097/tsn-20221001.htm',"289,578,956",289578956
D,D,'https://www.sec.gov/ix?doc=/Archives/edgar/data/36104/000119312522275036/d245647d10q.htm',"1,485,823,486",1485823486
UDR,UDR,'https://www.sec.gov/ix?doc=/Archives/edgar/data/74208/000007420822000068/udr-20220930x10q.htm',"325,541,780",325541780
ULTA,ULTA,'https://www.sec.gov/ix?doc=/Archives/edgar/data/1403568/000155837022018318/ulta-20221029x10q.h,"50,880,771",50880771
UNP,UNP,'https://www.sec.gov/ix?doc=/Archives/edgar/data/100885/000143774922024458/unp20220930_10q.htm',"614,800,800",614800800
UAL,UAL,'https://www.sec.gov/ix?doc=/Archives/edgar/data/100517/000010051722000078/ual-20220930.htm',"326,927,831",326927831
UPS,UPS,'https://www.sec.gov/ix?doc=/Archives/edgar/data/1090727/000109072722000047/ups-20220930.htm',"135,097,238",135097238
URI,URI,'https://www.sec.gov/ix?doc=/Archives/edgar/data/1067701/000106770122000039/uri-20220930.htm',"69,308,481",69308481
UNH,UNH,'https://www.sec.gov/ix?doc=/Archives/edgar/data/731766/000073176622000044/unh-20220930.htm',"934,349,073",934349073
UHS,UHS,'https://www.sec.gov/ix?doc=/Archives/edgar/data/352915/000156459022037046/uhs-10q_20220930.htm,"6,577,100",6577100
VLO,VLO,'https://www.sec.gov/ix?doc=/Archives/edgar/data/1035002/000103500222000049/vlo-20220930.htm',"385,523,278",385523278
VTR,VTR,'https://www.sec.gov/ix?doc=/Archives/edgar/data/740260/000074026022000167/vtr-20220930.htm',"399,717,985",399717985
VRSN,VRSN,'https://www.sec.gov/ix?doc=/Archives/edgar/data/1014473/000101447322000027/vrsn-20220930.htm',"106,016,456",106016456
VRSK,VRSK,'https://www.sec.gov/ix?doc=/Archives/edgar/data/1442145/000143774922025374/vrsk20220930_10q.ht,"156,387,950",156387950
VZ,VZ,'https://www.sec.gov/ix?doc=/Archives/edgar/data/732712/000073271222000050/vz-20220930.htm',"4,199,817,447",4199817447
VRTX,VRTX,'https://www.sec.gov/ix?doc=/Archives/edgar/data/875320/000087532022000038/vrtx-20220930.htm',"256,691,452",256691452
VFC,VFC,'https://www.sec.gov/ix?doc=/Archives/edgar/data/103379/000010337922000016/vfc-20221001.htm',"388,566,085",388566085
VTRS,VTRS,'https://www.sec.gov/ix?doc=/Archives/edgar/data/1792044/000179204422000036/vtrs-20220930.htm',"1,212,684,598",1212684598
VICI,VICI,'https://www.sec.gov/ix?doc=/Archives/edgar/data/1705696/000170569622000130/vici-20220930.htm',"963,097,848",963097848
V,V,'https://www.sec.gov/ix?doc=/Archives/edgar/data/1403161/000140316122000081/v-20220930.htm',"1,628,169,18",162816918
VMC,VMC,'https://www.sec.gov/ix?doc=/Archives/edgar/data/1396009/000139600922000049/vmc-20220930x10q.ht,"132,906,866",132906866
WAB,WAB,'https://www.sec.gov/ix?doc=/Archives/edgar/data/943452/000162828022027500/wab-20220930.htm',"181,867,864",181867864
WBA,WBA,'https://www.sec.gov/ix?doc=/Archives/edgar/data/1618921/000161892123000005/wba-20221130.htm',"862,503,554",862503554
WMT,WMT,'https://www.sec.gov/ix?doc=/Archives/edgar/data/104169/000010416922000083/wmt-20221031.htm',"2,696,800,054",2696800054
DISCA,DISCA,'https://www.sec.gov/ix?doc=/Archives/edgar/data/1437107/000143710722000231/disca-20220930.htm',"2,428,396,015",2428396015
WM,WM,'https://www.sec.gov/ix?doc=/Archives/edgar/data/823768/000155837022015389/wm-20220930x10q.htm',"410,477,096",410477096
D310383D10Q.HTM',D310383D10Q.HTM','https://www.sec.gov/ix?doc=/Archives/edgar/data/1000697/000119312522276585/d310383d10q.htm',"59,407,575",59407575
WEC,WEC,'https://www.sec.gov/ix?doc=/Archives/edgar/data/783325/000010781522000307/wec-20220930.htm',"315,434,531",315434531
WFC,WFC,'https://www.sec.gov/ix?doc=/Archives/edgar/data/72971/000007297122000205/wfc-20220930.htm',"3,810,490,898",3810490898
WELL,WELL,'https://www.sec.gov/ix?doc=/Archives/edgar/data/766704/000076670422000061/well-20220930.htm',"472,521,446",472521446
WST,WST,'https://www.sec.gov/ix?doc=/Archives/edgar/data/105770/000010577022000054/wst-20220930.htm',"74,032,987",74032987
WDC,WDC,'https://www.sec.gov/ix?doc=/Archives/edgar/data/106040/000010604022000065/wdc-20220930.htm',"317,650,295",317650295
WRK,WRK,'https://www.sec.gov/ix?doc=/Archives/edgar/data/1732845/000095017022025444/wrk-20220930.htm',"254,463,987",254463987
WY,WY,'https://www.sec.gov/ix?doc=/Archives/edgar/data/106535/000156459022035696/wy-10q_20220930.htm',"735,917,000",735917000
WHR,WHR,'https://www.sec.gov/ix?doc=/Archives/edgar/data/106640/000010664022000138/whr-20220930.htm',"54,478,354",54478354
WMB,WMB,'https://www.sec.gov/ix?doc=/Archives/edgar/data/107263/000010726322000030/wmb-20220930.htm',"1,218,339,828",1218339828
WTW,WTW,'https://www.sec.gov/ix?doc=/Archives/edgar/data/1140536/000095017022020347/wtw-20220930.htm',"108,237,621",108237621
GWW,GWW,'https://www.sec.gov/ix?doc=/Archives/edgar/data/277135/000027713522000043/gww-20220930.htm',"50,529,263",50529263
WYNN,WYNN,'https://www.sec.gov/ix?doc=/Archives/edgar/data/1174922/000117492222000149/wynn-20220930.htm',"113,313,591",113313591
XEL,XEL,'https://www.sec.gov/ix?doc=/Archives/edgar/data/72903/000007290322000063/xel-20220930.htm',"547,248,496",547248496
XYL,XYL,'https://www.sec.gov/ix?doc=/Archives/edgar/data/1524472/000152447222000053/xyl-20220930.htm',"180,221,532",180221532
YUM,YUM,'https://www.sec.gov/ix?doc=/Archives/edgar/data/1041061/000104106122000040/yum-20220930.htm',"281,687,866",281687866
ZBRA,ZBRA,'https://www.sec.gov/ix?doc=/Archives/edgar/data/877212/000087721222000117/zbra-20221001.htm',"51,629,798",51629798
ZBH,ZBH,'https://www.sec.gov/ix?doc=/Archives/edgar/data/1136869/000095017022021220/zbh-20220930.htm',"209,852,392",209852392
ZIONS,ZIONS,'https://www.sec.gov/ix?doc=/Archives/edgar/data/109380/000010938022000184/zions-20220930.htm',"149,617,754",149617754
ZTS,ZTS,'https://www.sec.gov/ix?doc=/Archives/edgar/data/1555280/000155528022000276/zts-20220930.htm',"466,071,995",466071995
